{"cameraMode":{"drawMode":0,"name":"Shaded","section":"Shading Mode"},"sceneLighting":false,"audioPlay":false,"sceneViewState":{"m_AlwaysRefresh":false,"showFog":true,"showSkybox":false,"showFlares":true,"showImageEffects":true,"showParticleSystems":true,"showVisualEffectGraphs":true,"m_FxEnabled":true},"in2DMode":false,"pivot":{"x":2.666924238204956,"y":0.8451957702636719,"z":18.523866653442384},"rotation":{"x":0.026513688266277314,"y":0.5948651432991028,"z":-0.019637661054730417,"w":0.8031497597694397},"size":16.985456466674806,"orthographic":true}