{"cameraMode":{"drawMode":0,"name":"Shaded","section":"Shading Mode"},"sceneLighting":false,"audioPlay":false,"sceneViewState":{"m_AlwaysRefresh":false,"showFog":true,"showSkybox":false,"showFlares":true,"showImageEffects":true,"showParticleSystems":true,"showVisualEffectGraphs":true,"m_FxEnabled":true},"in2DMode":false,"pivot":{"x":-0.06399637460708618,"y":0.06617432087659836,"z":-14.014054298400879},"rotation":{"x":0.43913182616233828,"y":0.15365391969680787,"z":-0.07651008665561676,"w":0.8818912506103516},"size":1.8864470720291138,"orthographic":false}