{"cameraMode":{"drawMode":0,"name":"Shaded","section":"Shading Mode"},"sceneLighting":false,"audioPlay":false,"sceneViewState":{"m_AlwaysRefresh":false,"showFog":true,"showSkybox":false,"showFlares":true,"showImageEffects":true,"showParticleSystems":true,"showVisualEffectGraphs":true,"m_FxEnabled":true},"in2DMode":false,"pivot":{"x":1.1920928955078126e-7,"y":2.520042657852173,"z":0.6463841795921326},"rotation":{"x":-0.5546674728393555,"y":-0.010978877544403077,"z":0.0073364172130823139,"w":-0.8320062160491943},"size":3.5845565795898439,"orthographic":false}